{"RPL": 2440.0, "aberration": 0.0, "g10_int": -196.6, "g10_int_ind": 0.0, "RMP": 3464.8, "alpha": 0.5,  "d_0": 0.16, "delta_x": 0.2, "delta_y": 0.5, "scale_x_d": 1.8, "a": 125.17, "b": 1.0, "c": 0.39, "f_a": 2.057, "f_b": -0.00368, "t_a": 1.58, "t_b": 0.00774, "d":1.0, "e": 1.1, "f": 0.1}